3fb02a19-3c5a-4c9c-b58c-baa06ca34f79, 99D27654-C3F2-48F5-A053-7C772AE6563C
70a843b1-5d0d-44c0-94d5-f7fbaa0a5e7f, 91CE23F5-ECBF-48E8-8885-0C46904AFAAB
97db796e-4987-466e-aacf-da26ff55911f, EB94E6DB-3600-46BF-8BBB-24982CD47C73
f9fd2459-a3c3-4f78-8ba5-094b2c7f979b, 9CBAEF00-B52C-4A70-9FED-D9AA8263AB74
33619b45-e593-41b8-a5c3-db23effb59b1, 249688DA-769C-49DC-B0B9-449B8E0666DB
d66391d6-4e74-4965-9af8-fe5bdd7a89d4, CF1A4C53-9E31-46E7-9EB3-247EF35EE1F9
e7d07951-e9ec-4a8e-970f-298286da6bfd, 0F1F9599-5057-40D5-B003-8761E85BCCC1
1674baf5-6822-4788-afb3-f8659531d7c0, B4923752-866A-4E3C-AABB-3B890C783C5A
8f33a2d6-1d7a-43e4-b9ff-a807edf42fb9, D1136FE2-F412-43CC-98D4-C90DF98BA1BD
1edb3aab-8826-4ce5-b9c3-99169ec13d4d, F01123E6-9F8F-4828-B29E-C4A4F2CC66E5
2d055a8a-505b-4ebf-a974-7d3381272aea, 7D226EEF-B7BC-4F44-8828-13B70E33DD1D
5bf27467-4b9f-4e7a-be88-c7ba1c13ce49, C38247AA-D704-4A2B-BD31-FE8BC7600744
ff065ecd-53fd-4054-8112-a9561a22f9d6, A941F632-8D41-44E5-B34B-B48FE26B1DB6
24027f6f-ff13-4096-93d6-fe152781a376, A6B28655-0113-425B-BCE7-98A40827934E
6af1adf8-2b73-4770-988c-ddcf07d4417c, 7FC7E06A-7A08-4817-89BC-CF34028AEA56
e6f4231b-0544-422c-90b6-0ea79c464fab, 48C2BC61-72C8-401A-A8F7-207710F7B0CC
9383c7c6-7cae-47b2-9b13-08fa9497425f, 252965F2-C172-4E2A-9410-3A89F7E9A812
e6037235-208a-4961-bcb6-cdc1965dfcd9, B8DF23DA-1925-4A9A-99BC-3F99DA83B2C2
fad1939d-7a76-4601-9953-8cded5eef8eb, 9E4F8E40-E390-46EE-8F34-A2719CA65F67
4dc89dfd-6075-416c-a2e9-59f392833cf0, 6BAC7D85-195C-4C82-9076-9D3CD00DAFEE
bf55e42a-63cb-4556-bfd8-44f26e5a36fe, 0ABC785B-EE3D-47A2-9E40-64A3E14B8CD1
159412b0-56c4-4bde-8a76-2fe22b91054d, C2F1E0CB-7FA0-4330-85F5-1BE41F73BB97
0b3f8d2d-04a3-443b-990f-6ac8853ebf3a, 46F4F27E-56DB-43C8-BEF4-43916E1FD103
c98eb00f-3d08-40f8-b180-19f03fb3d4ee, C5E17AA1-AD5F-420B-9BB0-5B9149D5F143
c05e8a2b-4e8b-4da7-b6f3-33f4848d3c09, 0068382D-AA2E-4F3C-BC6B-532D45D9BE68
ea72a231-fa4a-48d6-b5fe-df5aba133e5a, EE84C92E-F1E3-4CA1-908B-B9C600BC866F
3fb02a19-3c5a-4c9c-b58c-baa06ca34f79, 99D27654-C3F2-48F5-A053-7C772AE6563C
70a843b1-5d0d-44c0-94d5-f7fbaa0a5e7f, 91CE23F5-ECBF-48E8-8885-0C46904AFAAB	
97db796e-4987-466e-aacf-da26ff55911f, EB94E6DB-3600-46BF-8BBB-24982CD47C73	
f9fd2459-a3c3-4f78-8ba5-094b2c7f979b, 9CBAEF00-B52C-4A70-9FED-D9AA8263AB74
33619b45-e593-41b8-a5c3-db23effb59b1, 249688DA-769C-49DC-B0B9-449B8E0666DB	
d66391d6-4e74-4965-9af8-fe5bdd7a89d4, CF1A4C53-9E31-46E7-9EB3-247EF35EE1F9	
e7d07951-e9ec-4a8e-970f-298286da6bfd, 0F1F9599-5057-40D5-B003-8761E85BCCC1	
1674baf5-6822-4788-afb3-f8659531d7c0, B4923752-866A-4E3C-AABB-3B890C783C5A	
8f33a2d6-1d7a-43e4-b9ff-a807edf42fb9, D1136FE2-F412-43CC-98D4-C90DF98BA1BD	
1edb3aab-8826-4ce5-b9c3-99169ec13d4d, F01123E6-9F8F-4828-B29E-C4A4F2CC66E5	
2d055a8a-505b-4ebf-a974-7d3381272aea, 7D226EEF-B7BC-4F44-8828-13B70E33DD1D	
5bf27467-4b9f-4e7a-be88-c7ba1c13ce49, C38247AA-D704-4A2B-BD31-FE8BC7600744	
ff065ecd-53fd-4054-8112-a9561a22f9d6, A941F632-8D41-44E5-B34B-B48FE26B1DB6	
24027f6f-ff13-4096-93d6-fe152781a376, A6B28655-0113-425B-BCE7-98A40827934E	
6af1adf8-2b73-4770-988c-ddcf07d4417c, 7FC7E06A-7A08-4817-89BC-CF34028AEA56	
e6f4231b-0544-422c-90b6-0ea79c464fab, 48C2BC61-72C8-401A-A8F7-207710F7B0CC
9383c7c6-7cae-47b2-9b13-08fa9497425f, 252965F2-C172-4E2A-9410-3A89F7E9A812
e6037235-208a-4961-bcb6-cdc1965dfcd9, B8DF23DA-1925-4A9A-99BC-3F99DA83B2C2
fad1939d-7a76-4601-9953-8cded5eef8eb, 9E4F8E40-E390-46EE-8F34-A2719CA65F67
4dc89dfd-6075-416c-a2e9-59f392833cf0, 6BAC7D85-195C-4C82-9076-9D3CD00DAFEE
bf55e42a-63cb-4556-bfd8-44f26e5a36fe, 0ABC785B-EE3D-47A2-9E40-64A3E14B8CD1	
159412b0-56c4-4bde-8a76-2fe22b91054d, C2F1E0CB-7FA0-4330-85F5-1BE41F73BB97
0b3f8d2d-04a3-443b-990f-6ac8853ebf3a, 46F4F27E-56DB-43C8-BEF4-43916E1FD103
c98eb00f-3d08-40f8-b180-19f03fb3d4ee, C5E17AA1-AD5F-420B-9BB0-5B9149D5F143
c05e8a2b-4e8b-4da7-b6f3-33f4848d3c09, 0068382D-AA2E-4F3C-BC6B-532D45D9BE68
ea72a231-fa4a-48d6-b5fe-df5aba133e5a, EE84C92E-F1E3-4CA1-908B-B9C600BC866F