3884CD66-6D2B-410A-AF64-7E75E89BDF1B,FE318A82-2C23-4F10-8D93-98C7C8A74807
2D055A8A-505B-4EBF-A974-7D3381272AEA,7D226EEF-B7BC-4F44-8828-13B70E33DD1D
C05E8A2B-4E8B-4DA7-B6F3-33F4848D3C09,0068382D-AA2E-4F3C-BC6B-532D45D9BE68
1EDB3AAB-8826-4CE5-B9C3-99169EC13D4D,F01123E6-9F8F-4828-B29E-C4A4F2CC66E5
FF065ECD-53FD-4054-8112-A9561A22F9D6,A941F632-8D41-44E5-B34B-B48FE26B1DB6
9383C7C6-7CAE-47B2-9B13-08FA9497425F,252965F2-C172-4E2A-9410-3A89F7E9A812
33619B45-E593-41B8-A5C3-DB23EFFB59B1,249688DA-769C-49DC-B0B9-449B8E0666DB
BF55E42A-63CB-4556-BFD8-44F26E5A36FE,0ABC785B-EE3D-47A2-9E40-64A3E14B8CD1
1C3D15F9-9CFA-4010-8462-0D67E493D9B9,1b73b22f-1d3b-40b8-9836-31fe4cb3e461
24027F6F-FF13-4096-93D6-FE152781A376,A6B28655-0113-425B-BCE7-98A40827934E
E6037235-208A-4961-BCB6-CDC1965DFCD9,B8DF23DA-1925-4A9A-99BC-3F99DA83B2C2
1674BAF5-6822-4788-AFB3-F8659531D7C0,B4923752-866A-4E3C-AABB-3B890C783C5A
E6F4231B-0544-422C-90B6-0EA79C464FAB,48C2BC61-72C8-401A-A8F7-207710F7B0CC
4DC89DFD-6075-416C-A2E9-59F392833CF0,6BAC7D85-195C-4C82-9076-9D3CD00DAFEE
159412B0-56C4-4BDE-8A76-2FE22B91054D,C2F1E0CB-7FA0-4330-85F5-1BE41F73BB97
E7D07951-E9EC-4A8E-970F-298286DA6BFD,0F1F9599-5057-40D5-B003-8761E85BCCC1
6AF1ADF8-2B73-4770-988C-DDCF07D4417C,7FC7E06A-7A08-4817-89BC-CF34028AEA56
C98EB00F-3D08-40F8-B180-19F03FB3D4EE,C5E17AA1-AD5F-420B-9BB0-5B9149D5F143
3FB02A19-3C5A-4C9C-B58C-BAA06CA34F79,99D27654-C3F2-48F5-A053-7C772AE6563C
EA72A231-FA4A-48D6-B5FE-DF5ABA133E5A,EE84C92E-F1E3-4CA1-908B-B9C600BC866F
70A843B1-5D0D-44C0-94D5-F7FBAA0A5E7F,91CE23F5-ECBF-48E8-8885-0C46904AFAAB
8F33A2D6-1D7A-43E4-B9FF-A807EDF42FB9,D1136FE2-F412-43CC-98D4-C90DF98BA1BD
F9FD2459-A3C3-4F78-8BA5-094B2C7F979B,9CBAEF00-B52C-4A70-9FED-D9AA8263AB74
97DB796E-4987-466E-AACF-DA26FF55911F,EB94E6DB-3600-46BF-8BBB-24982CD47C73
0B3F8D2D-04A3-443B-990F-6AC8853EBF3A,46F4F27E-56DB-43C8-BEF4-43916E1FD103
FE318A82-2C23-4F10-8D93-98C7C8A74807,3884CD66-6D2B-410A-AF64-7E75E89BDF1B
57255A0F-E79A-4FB2-8A58-D902F8D7F7E4,D639E712-1161-4413-9813-141F30969D24
E83F5CC4-F583-4C5F-8889-DA9907D9EF5B,5921B8D5-91E9-44AF-B819-D51993FCBD4B
5A04872F-C7C0-4C9F-A91C-0C0D590BE32E,99D27654-C3F2-48F5-A053-7C772AE6563C
315F5223-6F1C-4746-A2AB-98939A47942F,4CD92D24-05A3-4A5E-BB73-589A840D0AF4
03D8D9AC-3A11-4566-9922-0559167CCCAC,EE84C92E-F1E3-4CA1-908B-B9C600BC866F
981963A5-D771-4395-875E-86088073C8EF,71559246-966D-44BF-89FF-33A2DC25CAC4
3FB02A19-3C5A-4C9C-B58C-BAA06CA34F79,99D27654-C3F2-48F5-A053-7C772AE6563C
A42A7598-13C3-4226-BE1D-499278A5B4A4,6B90831E-D207-446E-BF67-1C0E0670C949
C30E184D-8882-4085-8398-437369ED84C1,4D7EB3AB-C2F3-4B24-8324-4D5294C883A7
6FA088EA-7D93-4F70-91C1-F51A59FC6CC7,710FF591-A43E-4D72-899E-CA844A1D23F5
